UniProt_ID,Name,Category,Type_ID,Type_Name,Psi_Peak,Psi_Avg,Xi_W,Beta,Disorder,HC,Agg_Bias,L,W_IDP,Omega_F,Omega_I,Omega_v20,Pathology_Index_Raw,Pathology_Index_Scaled,Pathology_Index,Hidden_Core
Q0HD59,Influenza A virus (strain A/Hickox/1940 H1N1),Pathogenic,2,Short_Aggregator,0.4836952157385838,0.28894140681939434,0.19957808512267447,1.289074074074074,0.21649484536082475,0.26304347826086966,0.2371134020618557,97,0.08752379424830177,0.6390918279424855,0.4855705094862322,0.51585094754557,1.7195031584852336,1.7559234168429088,1.7559234168429088,None
Q0HD57,Influenza A virus (strain A/Hickox/1940 H1N1),Pathogenic,1,Classic_IDP,0.373269190918416,0.20150703016818522,0.18767715617022027,1.3034420289855075,0.34754797441364604,0.15603448275862067,0.08528784648187632,469,0.22480028195377305,0.18838210842445613,0.8713505185991245,0.31254313117469124,1.041810437248971,1.5029736667547695,1.5029736667547695,Core_200-210_10aa
Q0HD60,Influenza A virus (strain A/Hickox/1940 H1N1),Pathogenic,1,Classic_IDP,0.4836952157385838,0.23886171330438333,0.22583017372994604,1.2542261904761907,0.30565371024734983,0.17290552584670232,0.12897526501766782,566,0.2297589654969332,0.2331884198931826,0.8289621238592874,0.33697148462494186,1.1232382820831397,1.1687072671145249,1.1687072671145249,None
Q0HD52,Influenza A virus (strain A/Hickox/1940 H1N1),Pathogenic,6,Boundary_Hybrid,0.5581699152775862,0.2548681038246897,0.24473990948553423,1.2709333333333335,0.2747688243064729,0.16914893617021273,0.1228533685601057,757,0.1653859943438154,0.21830988803578724,0.6576400001461884,0.28687549122691713,0.9562516374230572,1.4343774561345857,1.4343774561345857,Core_315-325_10aa
Q0HD53,Influenza A virus (strain A/Hickox/1940 H1N1),Pathogenic,6,Boundary_Hybrid,0.4836952157385838,0.31608262295707695,0.30283893763764635,1.2486854460093897,0.2346368715083799,0.18677918424753864,0.19553072625698323,716,0.13056099226324883,0.2516636876175907,0.5100686157145773,0.2872860519969434,0.9576201733231448,0.9576201733231448,0.9576201733231448,None
