UniProt_ID,Name,Category,Type_ID,Type_Name,Psi_Peak,Psi_Avg,Xi_W,Beta,Disorder,HC,Agg_Bias,L,W_IDP,Omega_F,Omega_I,Omega_v20,Pathology_Index_Raw,Pathology_Index_Scaled,Pathology_Index,Hidden_Core
P03436,Influenza A virus (strain A/Northern Territory/60/1968 H3N2),Pathogenic,1,Classic_IDP,0.5283779745131485,0.23319192776620162,0.22083193159484818,1.2773809523809523,0.3003533568904594,0.16149732620320853,0.10954063604240283,566,0.19463798529447218,0.22020155316505394,0.859357240379966,0.3185082960225224,1.0616943200750748,1.6405399077079217,1.6405399077079217,Core_540-550_10aa
Q76R36,Influenza A virus (strain A/Northern Territory/60/1968 H3N2),Pathogenic,2,Short_Aggregator,0.4737667030183622,0.28795843842948715,0.19889912757500658,1.292037037037037,0.2268041237113402,0.26304347826086966,0.2371134020618557,97,0.09488204245740976,0.6385096159499173,0.5160603392926307,0.5167032388337378,1.7223441294457928,1.758459727101794,1.758459727101794,None
P03467,Influenza A virus (strain A/Northern Territory/60/1968 H3N2),Pathogenic,6,Boundary_Hybrid,0.5172066592717671,0.27942609984851274,0.262593202267277,1.276768707482993,0.29518072289156627,0.17322515212981743,0.14859437751004015,498,0.18791971710844718,0.22637198918193938,0.7219702507939002,0.30567256555485034,1.0189085518495011,1.0342893717831012,1.0342893717831012,None
P03434,Influenza A virus (strain A/Northern Territory/60/1968 H3N2),Pathogenic,6,Boundary_Hybrid,0.4836952157385838,0.316623989804579,0.30335762151667767,1.2500704225352113,0.23184357541899442,0.18706047819971872,0.1941340782122905,716,0.12631854778334875,0.25224930322900535,0.5019099787681282,0.28624844395332194,0.9541614798444065,0.9541614798444065,0.9541614798444065,None
P03473,Influenza A virus (strain A/Northern Territory/60/1968 H3N2),Pathogenic,1,Classic_IDP,0.373269190918416,0.23296548149892707,0.21797408609387842,1.3040942028985507,0.326226012793177,0.14396551724137926,0.06609808102345416,469,0.19645380088473538,0.15776919881582288,0.8060485446669786,0.2731862621657364,0.9106208738857879,1.3236231909730602,1.3236231909730602,Core_15-35_20aa
P03432,Influenza A virus (strain A/Northern Territory/60/1968 H3N2),Pathogenic,6,Boundary_Hybrid,0.5581699152775862,0.2554003201037019,0.24525103397013376,1.2694444444444446,0.2747688243064729,0.1710106382978723,0.12549537648612946,757,0.16678243345697497,0.22225096115600243,0.6577769892274888,0.2898892870114836,0.966297623371612,1.4494464350574179,1.4494464350574179,Core_315-325_10aa
