UniProt_ID,Name,Category,Type_ID,Type_Name,Psi_Peak,Psi_Avg,Xi_W,Beta,Disorder,HC,Agg_Bias,L,W_IDP,Omega_F,Omega_I,Omega_v20,Pathology_Index_Raw,Pathology_Index_Scaled,Pathology_Index,Hidden_Core
Q2PIM5,Influenza A virus (strain A/Memphis/2/1978 H3N2),Pathogenic,2,Short_Aggregator,0.4737667030183622,0.28795843842948715,0.19889912757500658,1.292037037037037,0.2268041237113402,0.26304347826086966,0.2371134020618557,97,0.09488204245740976,0.6385096159499173,0.5160603392926307,0.5167032388337378,1.7223441294457928,1.758459727101794,1.758459727101794,None
Q2VNF0,Influenza A virus (strain A/Memphis/2/1978 H3N2),Pathogenic,1,Classic_IDP,0.3683081271750732,0.23643473557957626,0.22122142626744984,1.3157608695652174,0.31130063965884863,0.1495689655172413,0.08315565031982941,469,0.16354723449512917,0.17408009235311847,0.7553408637403343,0.26573749780963246,0.8857916593654416,1.3286874890481624,1.3286874890481624,Core_20-30_10aa
