UniProt_ID,Name,Category,Type_ID,Type_Name,Psi_Peak,Psi_Avg,Xi_W,Beta,Disorder,HC,Agg_Bias,L,W_IDP,Omega_F,Omega_I,Omega_v20,Pathology_Index_Raw,Pathology_Index_Scaled,Pathology_Index,Hidden_Core
P0DOF5,Influenza A virus (strain A/Udorn/307/1972 H3N2),Pathogenic,2,Short_Aggregator,0.4737667030183622,0.28795843842948715,0.19889912757500658,1.292037037037037,0.2268041237113402,0.26304347826086966,0.2371134020618557,97,0.09488204245740976,0.6385096159499173,0.5160603392926307,0.5167032388337378,1.7223441294457928,1.758459727101794,1.758459727101794,None
P03495,Influenza A virus (strain A/Udorn/307/1972 H3N2),Pathogenic,6,Boundary_Hybrid,0.4737667030183622,0.29869312278689997,0.2608838667379253,1.2513768115942028,0.24472573839662448,0.1818965517241379,0.18565400843881855,237,0.14141272562302099,0.23440478971186207,0.5105087271184305,0.277830798106089,0.9261026603536301,0.9261026603536301,0.9261026603536301,None
Q1K9E2,Influenza A virus (strain A/Udorn/307/1972 H3N2),Pathogenic,6,Boundary_Hybrid,0.4836952157385838,0.3155242877259579,0.3023039963407921,1.2493896713615023,0.23324022346368714,0.18902953586497886,0.19553072625698323,716,0.12841899175836133,0.2565520250464411,0.5060124290480997,0.2898308906762516,0.9661029689208388,0.9661029689208388,0.9661029689208388,None
