UniProt_ID,Name,Category,Type_ID,Type_Name,Psi_Peak,Psi_Avg,Xi_W,Beta,Disorder,HC,Agg_Bias,L,W_IDP,Omega_F,Omega_I,Omega_v20,Pathology_Index_Raw,Pathology_Index_Scaled,Pathology_Index,Hidden_Core
Q9IQ49,Influenza A virus (strain A/X-31 H3N2),Pathogenic,2,Short_Aggregator,0.4427428677162177,0.2701146771892755,0.18657405537815938,1.2572222222222222,0.24742268041237114,0.2173913043478262,0.18556701030927836,97,0.14067040387127283,0.4176670195928812,0.5343264829047704,0.3944332975322321,1.3147776584407738,1.3743719619029997,1.3743719619029997,None
P03438,Influenza A virus (strain A/X-31 H3N2),Pathogenic,6,Boundary_Hybrid,0.5283779745131485,0.23800742525824825,0.22539219070392413,1.2807738095238095,0.29328621908127206,0.16078431372549018,0.11484098939929333,566,0.18086468719185855,0.20075118314308224,0.6940459798931623,0.28387520118889153,0.9462506706296385,1.4193760059444578,1.4193760059444578,Core_540-550_10aa
Q9IQ46,Influenza A virus (strain A/X-31 H3N2),Pathogenic,6,Boundary_Hybrid,0.5221716405763743,0.25006855544316386,0.2401305677769883,1.2715111111111113,0.27873183619550856,0.16914893617021273,0.12153236459709382,757,0.17027072644512883,0.21322896328454824,0.6471572480971448,0.2839492537277119,0.9464975124257063,1.4197462686385596,1.4197462686385596,Core_315-325_10aa
Q9IQ47,Influenza A virus (strain A/X-31 H3N2),Pathogenic,6,Boundary_Hybrid,0.49858869958917507,0.3153005776877662,0.30208965962822293,1.249225352112676,0.24022346368715083,0.1791842475386779,0.1829608938547486,716,0.13715097216913563,0.23470148093179607,0.5343694762780848,0.27928147291094163,0.9309382430364721,0.9309382430364721,0.9309382430364721,None
