UniProt_ID,Name,Category,Type_ID,Type_Name,Psi_Peak,Psi_Avg,Xi_W,Beta,Disorder,HC,Agg_Bias,L,W_IDP,Omega_F,Omega_I,Omega_v20,Pathology_Index_Raw,Pathology_Index_Scaled,Pathology_Index,Hidden_Core
P03451,Influenza A virus (strain A/Japan/305/1957 H2N2),Pathogenic,6,Boundary_Hybrid,0.4836952157385838,0.2583303771616178,0.24409210080067734,1.284272727272727,0.28825622775800713,0.16265709156193894,0.13879003558718858,562,0.17030563778227778,0.20308195820751734,0.6614719646187514,0.27869847677193904,0.9289949225731302,1.3934923838596953,1.3934923838596953,Core_0-10_10aa
Q1K9Q4,Influenza A virus (strain A/Japan/305/1957 H2N2),Pathogenic,6,Boundary_Hybrid,0.49858869958917507,0.3184024390078545,0.3050615546918829,1.2491314553990611,0.23324022346368714,0.1859353023909985,0.19553072625698326,716,0.12858176901992066,0.2524008001846958,0.5145586383550291,0.2877905113253989,0.9593017044179963,0.9593017044179963,0.9593017044179963,None
