UniProt_ID,Name,Category,Type_ID,Type_Name,Psi_Peak,Psi_Avg,Xi_W,Beta,Disorder,HC,Agg_Bias,L,W_IDP,Omega_F,Omega_I,Omega_v20,Pathology_Index_Raw,Pathology_Index_Scaled,Pathology_Index,Hidden_Core
P16995,Influenza A virus (strain A/Equine/Fontainebleau/1976 H3N8),Pathogenic,6,Boundary_Hybrid,0.5283779745131485,0.23113381410181977,0.21848954078667887,1.2963333333333331,0.2991150442477876,0.16607142857142856,0.11327433628318584,565,0.17132553028451453,0.21666798873488255,0.7204737617319893,0.29375943502539104,0.9791981167513035,1.4687971751269553,1.4687971751269553,Core_540-550_10aa
