UniProt_ID,Name,Category,Type_ID,Type_Name,Psi_Peak,Psi_Avg,Xi_W,Beta,Disorder,HC,Agg_Bias,L,W_IDP,Omega_F,Omega_I,Omega_v20,Pathology_Index_Raw,Pathology_Index_Scaled,Pathology_Index,Hidden_Core
Q463X4,Influenza A virus (strain A/Memphis/102/1972 H3N2),Pathogenic,2,Short_Aggregator,0.4737667030183622,0.28795843842948715,0.19889912757500658,1.292037037037037,0.2268041237113402,0.26304347826086966,0.2371134020618557,97,0.09488204245740976,0.6385096159499173,0.5160603392926307,0.5167032388337378,1.7223441294457928,1.758459727101794,1.758459727101794,None
P03475,Influenza A virus (strain A/Memphis/102/1972 H3N2),Pathogenic,1,Classic_IDP,0.3683081271750732,0.23166275274101486,0.21675468753370047,1.3153985507246377,0.31982942430703626,0.14439655172413787,0.07249466950959488,469,0.17387787061744636,0.16248689784309997,0.782581904640524,0.2644941942433139,0.8816473141443797,1.3224709712165694,1.3224709712165694,Core_20-30_10aa
P03439,Influenza A virus (strain A/Memphis/102/1972 H3N2),Pathogenic,1,Classic_IDP,0.5283779745131485,0.22924482160657633,0.2170940360090546,1.2819047619047619,0.30565371024734983,0.16506238859180034,0.11484098939929333,566,0.1969212495115005,0.23203800831744578,0.8837959644730586,0.3293923122526379,1.0979743741754597,1.7082269234112195,1.7082269234112195,Core_540-550_10aa
