UniProt_ID,Name,Category,Type_ID,Type_Name,Psi_Peak,Psi_Avg,Xi_W,Beta,Disorder,HC,Agg_Bias,L,W_IDP,Omega_F,Omega_I,Omega_v20,Pathology_Index_Raw,Pathology_Index_Scaled,Pathology_Index,Hidden_Core
P0DOF8,Influenza A virus (strain A/Udorn/1972 H3N2),Pathogenic,2,Short_Aggregator,0.4737667030183622,0.28795843842948715,0.19889912757500658,1.292037037037037,0.2268041237113402,0.26304347826086966,0.2371134020618557,97,0.09488204245740976,0.6385096159499173,0.5160603392926307,0.5167032388337378,1.7223441294457928,1.758459727101794,1.758459727101794,None
P0DOF9,Influenza A virus (strain A/Udorn/1972 H3N2),Pathogenic,1,Classic_IDP,0.3683081271750732,0.23166275274101486,0.21675468753370047,1.3125000000000002,0.32409381663113007,0.1362068965517241,0.06609808102345416,469,0.18265212328478436,0.14655002679363557,0.7946508060163839,0.2585029636180629,0.8616765453935431,1.2511526560404505,1.2511526560404505,Core_20-30_10aa
P0DOF7,Influenza A virus (strain A/Udorn/1972 H3N2),Pathogenic,3,High_HC_Folded,0.409242691134385,0.23218091769877763,0.20454033225844695,1.2903472222222223,0.2619047619047619,0.23967611336032385,0.1984126984126984,252,0.13201258408624342,0.3419840294965576,0.47165512379452185,0.34248825834730134,1.141627527824338,1.66907568826155,1.66907568826155,Core_140-150_10aa
