UniProt_ID,Name,Category,Type_ID,Type_Name,Psi_Peak,Psi_Avg,Xi_W,Beta,Disorder,HC,Agg_Bias,L,W_IDP,Omega_F,Omega_I,Omega_v20,Pathology_Index_Raw,Pathology_Index_Scaled,Pathology_Index,Hidden_Core
A4GCI7,Influenza A virus (strain A/Henry/1936 H1N1),Pathogenic,2,Short_Aggregator,0.4737667030183622,0.2774162564391799,0.1916174142414954,1.2887037037037037,0.23711340206185566,0.282608695652174,0.25773195876288657,97,0.10680591623372591,0.7305385331293118,0.5502862398065536,0.5655161117815642,1.8850537059385475,1.9014137557009188,1.9014137557009188,None
A4GCI9,Influenza A virus (strain A/Henry/1936 H1N1),Pathogenic,1,Classic_IDP,0.33482713431940253,0.19427671057426746,0.18090933036695825,1.302463768115942,0.34968017057569295,0.1525862068965516,0.07675906183368869,469,0.22906774064989927,0.17379537443230486,0.8219743869259674,0.2993191897043719,0.9977306323479063,1.4049902690189557,1.4049902690189557,Core_200-210_10aa
A4GCI6,Influenza A virus (strain A/Henry/1936 H1N1),Pathogenic,1,Classic_IDP,0.4836952157385838,0.22271829565789444,0.21054241426259968,1.2567261904761904,0.3127208480565371,0.18039215686274507,0.13074204946996465,566,0.2385013493241348,0.2538365463111713,0.8518122654798371,0.3553444483373706,1.184481494457902,1.8565752094320975,1.8565752094320975,Core_5-15_10aa
A4GCJ3,Influenza A virus (strain A/Henry/1936 H1N1),Pathogenic,6,Boundary_Hybrid,0.49858869958917507,0.31253437449286425,0.2994393588018225,1.2478873239436619,0.2388268156424581,0.17552742616033754,0.17877094972067037,716,0.13628064720081837,0.2258553088002687,0.5266413378532713,0.2724646803641405,0.9082156012138017,0.9082156012138017,0.9082156012138017,None
