UniProt_ID,Name,Category,Type_ID,Type_Name,Psi_Peak,Psi_Avg,Xi_W,Beta,Disorder,HC,Agg_Bias,L,W_IDP,Omega_F,Omega_I,Omega_v20,Pathology_Index_Raw,Pathology_Index_Scaled,Pathology_Index,Hidden_Core
P03437,Influenza A virus (strain A/Aichi/2/1968 H3N2),Pathogenic,1,Classic_IDP,0.5283779745131485,0.23083517739693876,0.21860009732289606,1.2767857142857142,0.3003533568904594,0.1625668449197861,0.11307420494699649,566,0.19532215699177868,0.2239864974520623,0.8577995397999406,0.32102195685697,1.0700731895232334,1.656606708539572,1.656606708539572,Core_540-550_10aa
Q76V12,Influenza A virus (strain A/Aichi/2/1968 H3N2),Pathogenic,2,Short_Aggregator,0.4737667030183622,0.28795843842948715,0.19889912757500658,1.292037037037037,0.2268041237113402,0.26304347826086966,0.2371134020618557,97,0.09488204245740976,0.6385096159499173,0.5160603392926307,0.5167032388337378,1.7223441294457928,1.758459727101794,1.758459727101794,None
