UniProt_ID,Name,Category,Type_ID,Type_Name,Psi_Peak,Psi_Avg,Xi_W,Beta,Disorder,HC,Agg_Bias,L,W_IDP,Omega_F,Omega_I,Omega_v20,Pathology_Index_Raw,Pathology_Index_Scaled,Pathology_Index,Hidden_Core
A4GCH6,Influenza A virus (strain A/Chile/1/1983 H1N1),Pathogenic,2,Short_Aggregator,0.4539109337771776,0.2795249144353494,0.19307390997080834,1.289074074074074,0.2268041237113402,0.26304347826086966,0.24742268041237114,97,0.09669257667596468,0.6389814514551563,0.5005490955545845,0.5158568419304194,1.7195228064347312,1.7559409629333544,1.7559409629333544,None
A4GCH5,Influenza A virus (strain A/Chile/1/1983 H1N1),Pathogenic,1,Classic_IDP,0.4836952157385838,0.24010612535889214,0.2270086275483502,1.2567559523809526,0.303886925795053,0.1718360071301248,0.12367491166077738,566,0.22391345710497387,0.22977652249365946,0.8239512298480843,0.33207793267294383,1.1069264422431462,1.1495279396819362,1.1495279396819362,None
A4GCI2,Influenza A virus (strain A/Chile/1/1983 H1N1),Pathogenic,6,Boundary_Hybrid,0.49858869958917507,0.3184024390078545,0.3050615546918829,1.2474647887323942,0.23324022346368714,0.1848101265822784,0.19413407821229053,716,0.12963017021178533,0.24894530539816326,0.5136075755567096,0.28559164814172605,0.9519721604724202,0.9519721604724202,0.9519721604724202,None
