UniProt_ID,Name,Category,Type_ID,Type_Name,Psi_Peak,Psi_Avg,Xi_W,Beta,Disorder,HC,Agg_Bias,L,W_IDP,Omega_F,Omega_I,Omega_v20,Pathology_Index_Raw,Pathology_Index_Scaled,Pathology_Index,Hidden_Core
Q6XTV0,Influenza A virus (strain A/Tokyo/3/1967 H2N2),Pathogenic,2,Short_Aggregator,0.4737667030183622,0.28795843842948715,0.19889912757500658,1.292037037037037,0.2268041237113402,0.26304347826086966,0.24742268041237114,97,0.09488204245740976,0.6474398203687973,0.5160603392926307,0.5214776203050354,1.7382587343501181,1.7726402075888532,1.7726402075888532,None
P06820,Influenza A virus (strain A/Tokyo/3/1967 H2N2),Pathogenic,1,Classic_IDP,0.33482713431940253,0.2304194666740158,0.21559092936011287,1.313695652173913,0.32409381663113007,0.1469827586206896,0.06823027718550106,469,0.1810916510100366,0.16045860828828715,0.7546550379253211,0.2633219038077373,0.8777396793591243,1.3166095190386864,1.3166095190386864,Core_20-30_10aa
