UniProt_ID,Name,Category,Type_ID,Type_Name,Psi_Peak,Psi_Avg,Xi_W,Beta,Disorder,HC,Agg_Bias,L,W_IDP,Omega_F,Omega_I,Omega_v20,Pathology_Index_Raw,Pathology_Index_Scaled,Pathology_Index,Hidden_Core
Q8BAC4,Influenza A virus (strain A/Brevig Mission/1/1918 H1N1),Pathogenic,2,Short_Aggregator,0.4737667030183622,0.2956106349997731,0.2041846654122144,1.2837037037037036,0.2268041237113402,0.2543478260869566,0.2268041237113402,97,0.09998231587261829,0.5891788829433222,0.5140123737635922,0.48950217726826917,1.631673924227564,1.676735574502652,1.676735574502652,None
Q9IGQ6,Influenza A virus (strain A/Brevig Mission/1/1918 H1N1),Pathogenic,1,Classic_IDP,0.33482713431940253,0.18010843134977747,0.1680950988540561,1.301485507246377,0.37100213219616207,0.14181034482758614,0.05117270788912581,469,0.2580292038040483,0.15091063654976436,0.8910154870104011,0.30696799121270724,1.0232266373756909,1.465696626935019,1.465696626935019,Core_200-210_10aa
Q3HM40,Influenza A virus (strain A/Brevig Mission/1/1918 H1N1),Pathogenic,6,Boundary_Hybrid,0.5581699152775862,0.2548681038246897,0.24473990948553423,1.2687111111111111,0.2747688243064729,0.1710106382978723,0.12549537648612946,757,0.16746966581289166,0.22208663570414877,0.6570535607839094,0.28991311737937775,0.9663770579312592,1.4495655868968886,1.4495655868968886,Core_315-325_10aa
Q3HM39,Influenza A virus (strain A/Brevig Mission/1/1918 H1N1),Pathogenic,6,Boundary_Hybrid,0.49858869958917507,0.3191946616274253,0.3058205836262762,1.2473239436619719,0.2346368715083799,0.1856540084388185,0.19273743016759778,716,0.13142814519097423,0.2500384868912236,0.5188280020100012,0.2870938146067048,0.9569793820223493,0.9569793820223493,0.9569793820223493,None
Q9WFX3,Influenza A virus (strain A/Brevig Mission/1/1918 H1N1),Pathogenic,1,Classic_IDP,0.4737667030183622,0.22095198113439216,0.2088697206502371,1.2460714285714285,0.30212014134275617,0.18217468805704098,0.1254416961130742,566,0.23312283946257015,0.24952730048905875,0.7920059122157599,0.3433265498926884,1.1444218329756282,1.7895870813559007,1.7895870813559007,Core_5-15_10aa
