UniProt_ID,Name,Category,Type_ID,Type_Name,Psi_Peak,Psi_Avg,Xi_W,Beta,Disorder,HC,Agg_Bias,L,W_IDP,Omega_F,Omega_I,Omega_v20,Pathology_Index_Raw,Pathology_Index_Scaled,Pathology_Index,Hidden_Core
Q5EP34,Influenza A virus (strain A/Vietnam/1203/2004 H5N1),Pathogenic,6,Boundary_Hybrid,0.49858869958917507,0.3202885999159603,0.30686868651166027,1.2372065727699533,0.23324022346368714,0.1873417721518987,0.18994413407821228,716,0.13598732980454906,0.24828379543843687,0.5110499186683903,0.28610779194866504,0.9536926398288835,0.9536926398288835,0.9536926398288835,None
Q6DPL2,Influenza A virus (strain A/Vietnam/1203/2004 H5N1),Pathogenic,1,Classic_IDP,0.373269190918416,0.1879725627366032,0.1748986721305941,1.284431818181818,0.36302895322939865,0.1324324324324324,0.062360801781737196,449,0.27676657593122067,0.1394489697955879,0.9050922840217538,0.31102853729873614,1.0367617909957871,1.4931523518471166,1.4931523518471166,Core_180-190_10aa
