UniProt_ID,Name,Category,Type_ID,Type_Name,Psi_Peak,Psi_Avg,Xi_W,Beta,Disorder,HC,Agg_Bias,L,W_IDP,Omega_F,Omega_I,Omega_v20,Pathology_Index_Raw,Pathology_Index_Scaled,Pathology_Index,Hidden_Core
A4GCJ8,Influenza A virus (strain A/India/6263/1980 H1N1),Pathogenic,2,Short_Aggregator,0.4539109337771776,0.2795249144353494,0.19307390997080834,1.289074074074074,0.2268041237113402,0.26304347826086966,0.24742268041237114,97,0.09669257667596468,0.6389814514551563,0.5005490955545845,0.5158568419304194,1.7195228064347312,1.7559409629333544,1.7559409629333544,None
A4GCJ7,Influenza A virus (strain A/India/6263/1980 H1N1),Pathogenic,1,Classic_IDP,0.4836952157385838,0.24026109152844455,0.22715537996333263,1.257440476190476,0.30565371024734983,0.16969696969696968,0.12014134275618377,566,0.22599705731108147,0.2244384772143744,0.8311884469792377,0.3305084868476451,1.1016949561588172,1.1432862449444148,1.1432862449444148,None
A4GCK0,Influenza A virus (strain A/India/6263/1980 H1N1),Pathogenic,1,Classic_IDP,0.373269190918416,0.20681007424047126,0.19289453758682415,1.290108695652174,0.3404255319148936,0.14709677419354833,0.07872340425531915,470,0.2354551523808458,0.16622316845825763,0.836468371944543,0.2991047926905769,0.9970159756352563,1.403983899469492,1.403983899469492,Core_200-210_10aa
