UniProt_ID,Name,Category,Type_ID,Type_Name,Psi_Peak,Psi_Avg,Xi_W,Beta,Disorder,HC,Agg_Bias,L,W_IDP,Omega_F,Omega_I,Omega_v20,Pathology_Index_Raw,Pathology_Index_Scaled,Pathology_Index,Hidden_Core
P10920,Influenza A virus (strain A/Singapore/1/1957 H2N2),Pathogenic,2,Short_Aggregator,0.4737667030183622,0.28315348084030706,0.19558023934330487,1.292037037037037,0.2268041237113402,0.26304347826086966,0.2371134020618557,97,0.09488204245740976,0.6398008049661752,0.5140481326611197,0.5172731195238334,1.7242437317461112,1.760154784507927,1.760154784507927,None
P16511,Influenza A virus (strain A/Singapore/1/1957 H2N2),Pathogenic,6,Boundary_Hybrid,0.5581699152775862,0.2548681038246897,0.24473990948553423,1.2688666666666666,0.2747688243064729,0.1710106382978723,0.12549537648612946,757,0.1673239225336043,0.22214109873765234,0.6571341215441818,0.2899137984731422,0.9663793282438073,1.4495689923657111,1.4495689923657111,Core_315-325_10aa
